{"entities":{"pages":{"Default-topic":{"id":"Default-topic","title":"This is the first topic","url":"default-topic.html","level":0,"tabIndex":0},"springsecurity":{"id":"springsecurity","title":"springsecurity","url":"springsecurity.html","level":0,"pages":["Remember-Me-흐름","설정","form-login-흐름"],"tabIndex":1},"Remember-Me-흐름":{"id":"Remember-Me-흐름","title":"Remember Me 흐름","url":"remember-me-흐름.html","level":1,"parentId":"springsecurity","tabIndex":0},"설정":{"id":"설정","title":"설정","url":"설정.html","level":1,"parentId":"springsecurity","pages":["설정-소스코드"],"tabIndex":1},"설정-소스코드":{"id":"설정-소스코드","title":"설정_소스코드","url":"설정-소스코드.html","level":2,"parentId":"설정","tabIndex":0},"form-login-흐름":{"id":"form-login-흐름","title":"form login 흐름","url":"form-login-흐름.html","level":1,"parentId":"springsecurity","pages":["form-login-흐름-소스코드"],"tabIndex":2},"form-login-흐름-소스코드":{"id":"form-login-흐름-소스코드","title":"form login 흐름 소스코드","url":"form-login-흐름-소스코드.html","level":2,"parentId":"form-login-흐름","tabIndex":0},"redis":{"id":"redis","title":"redis","url":"redis.html","level":0,"pages":["Redis Session Clustering"],"tabIndex":2},"Redis Session Clustering":{"id":"Redis Session Clustering","title":"Redis Session clustering","url":"redis-session-clustering.html","level":1,"parentId":"redis","tabIndex":0},"javascript":{"id":"javascript","title":"javascript","url":"javascript.html","level":0,"pages":["비즈니스로직-격리하기","변하는-것과-변하지-않는-것-구분하기","why-need-nextjs"],"tabIndex":3},"비즈니스로직-격리하기":{"id":"비즈니스로직-격리하기","title":"비즈니스로직 격리하기","url":"비즈니스로직-격리하기.html","level":1,"parentId":"javascript","tabIndex":0},"변하는-것과-변하지-않는-것-구분하기":{"id":"변하는-것과-변하지-않는-것-구분하기","title":"변하는 것과 변하지 않는 것 구분하기","url":"변하는-것과-변하지-않는-것-구분하기.html","level":1,"parentId":"javascript","tabIndex":1},"why-need-nextjs":{"id":"why-need-nextjs","title":"why need nextjs","url":"why-need-nextjs.html","level":1,"parentId":"javascript","tabIndex":2},"jvm":{"id":"jvm","title":"jvm","url":"jvm.html","level":0,"tabIndex":4},"architecture":{"id":"architecture","title":"architecture","url":"architecture.html","level":0,"pages":["book-스프링입문을-위한-자바-객체-지향의-원리와-이해","book-object","do-not-return-entity"],"tabIndex":5},"book-스프링입문을-위한-자바-객체-지향의-원리와-이해":{"id":"book-스프링입문을-위한-자바-객체-지향의-원리와-이해","title":"book-스프링입문을 위한 자바 객체 지향의 원리와 이해","url":"book-스프링입문을-위한-자바-객체-지향의-원리와-이해.html","level":1,"parentId":"architecture","pages":["3-자바와-객체지향"],"tabIndex":0},"3-자바와-객체지향":{"id":"3-자바와-객체지향","title":"3. 자바와 객체지향","url":"3-자바와-객체지향.html","level":2,"parentId":"book-스프링입문을-위한-자바-객체-지향의-원리와-이해","tabIndex":0},"book-object":{"id":"book-object","title":"book-object","url":"book-object.html","level":1,"parentId":"architecture","pages":["ch-7","ch-8","ch-9","ch-10","ch-11"],"tabIndex":1},"ch-7":{"id":"ch-7","title":"ch.7","url":"ch-7.html","level":2,"parentId":"book-object","tabIndex":0},"ch-8":{"id":"ch-8","title":"ch.8","url":"ch-8.html","level":2,"parentId":"book-object","tabIndex":1},"ch-9":{"id":"ch-9","title":"ch.9","url":"ch-9.html","level":2,"parentId":"book-object","tabIndex":2},"ch-10":{"id":"ch-10","title":"ch.10","url":"ch-10.html","level":2,"parentId":"book-object","tabIndex":3},"ch-11":{"id":"ch-11","title":"ch.11","url":"ch-11.html","level":2,"parentId":"book-object","tabIndex":4},"do-not-return-entity":{"id":"do-not-return-entity","title":"do-not-return-entity","url":"do-not-return-entity.html","level":1,"parentId":"architecture","tabIndex":2},"elasticsearch":{"id":"elasticsearch","title":"elasticsearch","url":"elasticsearch.html","level":0,"pages":["opensearch의-기본-size는-10이다"],"tabIndex":6},"opensearch의-기본-size는-10이다":{"id":"opensearch의-기본-size는-10이다","title":"opensearch의 기본 size는 10이다","url":"opensearch의-기본-size는-10이다.html","level":1,"parentId":"elasticsearch","tabIndex":0},"부하테스트":{"id":"부하테스트","title":"부하테스트","url":"부하테스트.html","level":0,"pages":["nGrinder","1.Jmeter-설정","2.easyRandom으로가상데이터 넣기","3-그라파나-설정"],"tabIndex":7},"nGrinder":{"id":"nGrinder","title":"nGrinder","url":"ngrinder.html","level":1,"parentId":"부하테스트","pages":["nGrinder-구조","nGriner-설치","nGrinder-부하테스트"],"tabIndex":0},"nGrinder-구조":{"id":"nGrinder-구조","title":"nGrinder 구조","url":"ngrinder-구조.html","level":2,"parentId":"nGrinder","tabIndex":0},"nGriner-설치":{"id":"nGriner-설치","title":"nGriner 설치","url":"ngriner-설치.html","level":2,"parentId":"nGrinder","tabIndex":1},"nGrinder-부하테스트":{"id":"nGrinder-부하테스트","title":"nGrinder 부하테스트","url":"ngrinder-부하테스트.html","level":2,"parentId":"nGrinder","tabIndex":2},"1.Jmeter-설정":{"id":"1.Jmeter-설정","title":"1.Jmeter 설정","url":"1-jmeter-설정.html","level":1,"parentId":"부하테스트","tabIndex":1},"2.easyRandom으로가상데이터 넣기":{"id":"2.easyRandom으로가상데이터 넣기","title":"2.EasyRandom 테스트","url":"2-easyrandom으로가상데이터-넣기.html","level":1,"parentId":"부하테스트","pages":["easyRandom-예제","radomizer"],"tabIndex":2},"easyRandom-예제":{"id":"easyRandom-예제","title":"easyRandom 예제","url":"easyrandom-예제.html","level":2,"parentId":"2.easyRandom으로가상데이터 넣기","tabIndex":0},"radomizer":{"id":"radomizer","title":"radomizer","url":"radomizer.html","level":2,"parentId":"2.easyRandom으로가상데이터 넣기","tabIndex":1},"3-그라파나-설정":{"id":"3-그라파나-설정","title":"3.그라파나 설정","url":"3-그라파나-설정.html","level":1,"parentId":"부하테스트","tabIndex":3},"예매시스템구축하기":{"id":"예매시스템구축하기","title":"예매시스템구축하기","url":"예매시스템구축하기.html","level":0,"pages":["4-시나리오설정"],"tabIndex":8},"4-시나리오설정":{"id":"4-시나리오설정","title":"시나리오설정","url":"4-시나리오설정.html","level":1,"parentId":"예매시스템구축하기","tabIndex":0},"etc":{"id":"etc","title":"etc","url":"etc.html","level":0,"pages":["Ngrok","use-writer-side"],"tabIndex":9},"Ngrok":{"id":"Ngrok","title":"Ngrok","url":"ngrok.html","level":1,"parentId":"etc","tabIndex":0},"use-writer-side":{"id":"use-writer-side","title":"use-writer-side","url":"use-writer-side.html","level":1,"parentId":"etc","tabIndex":1}}},"topLevelIds":["Default-topic","springsecurity","redis","javascript","jvm","architecture","elasticsearch","부하테스트","예매시스템구축하기","etc"]}